{
  "model_info": {
    "name": "Simple On-Device Model",
    "version": "1.0.0",
    "type": "regression",
    "framework": "TensorFlow Lite",
    "created_date": "2025-06-11",
    "description": "نموذج بسيط للتنبؤ بنتائج جولات Crash، مصمم للتدريب والتشغيل على الأجهزة المحمولة"
  },
  "model_architecture": {
    "input_shape": [1, 10],
    "output_shape": [1, 1],
    "layers": [
      {
        "type": "Dense",
        "units": 16,
        "activation": "relu"
      },
      {
        "type": "Dense", 
        "units": 8,
        "activation": "relu"
      },
      {
        "type": "Dense",
        "units": 1,
        "activation": "linear"
      }
    ],
    "total_parameters": 297
  },
  "training_config": {
    "optimizer": "adam",
    "learning_rate": 0.001,
    "loss_function": "mean_squared_error",
    "metrics": ["mae"],
    "batch_size": 32,
    "epochs": 10
  },
  "input_preprocessing": {
    "sequence_length": 10,
    "normalization": "min_max",
    "min_value": 1.0,
    "max_value": 50.0,
    "description": "يتوقع النموذج مصفوفة من 10 قيم تمثل نتائج آخر 10 جولات، مُطبعة بين 1.0 و 50.0"
  },
  "output_postprocessing": {
    "denormalization": "min_max",
    "min_value": 1.0,
    "max_value": 50.0,
    "confidence_calculation": "sigmoid_based",
    "description": "يُخرج النموذج قيمة واحدة تمثل التنبؤ للجولة التالية، مع حساب مستوى الثقة"
  },
  "performance_metrics": {
    "last_training_loss": 7.196,
    "last_mae": 2.267,
    "model_size_kb": 2.1,
    "inference_time_ms": 5,
    "memory_usage_mb": 1.2
  },
  "usage_instructions": {
    "android_integration": {
      "asset_path": "models/simple_model.tflite",
      "interpreter_setup": "org.tensorflow.lite.Interpreter",
      "input_tensor_index": 0,
      "output_tensor_index": 0
    },
    "example_code": {
      "java": "// تحميل النموذج\nInterpreter tflite = new Interpreter(loadModelFile());\n// إعداد المدخلات\nfloat[][] input = new float[1][10];\n// تشغيل التنبؤ\nfloat[][] output = new float[1][1];\ntflite.run(input, output);\n// الحصول على النتيجة\nfloat prediction = output[0][0];"
    }
  },
  "update_mechanism": {
    "supports_incremental_learning": true,
    "update_frequency": "after_each_game_session",
    "minimum_samples_for_update": 10,
    "maximum_memory_samples": 1000,
    "backup_before_update": true
  },
  "compatibility": {
    "min_android_api": 26,
    "tensorflow_lite_version": "2.13.0",
    "supported_architectures": ["arm64-v8a", "armeabi-v7a", "x86", "x86_64"],
    "gpu_acceleration": false,
    "nnapi_acceleration": true
  }
}

